{"range": [-1, 1], "min": 0.0941176488995552, "max": 0.9529411792755127}