{"range": [-1, 1], "min": 0.08627451211214066, "max": 0.9647058844566345}