{"range": [-1, 1], "min": 0.10980392247438431, "max": 0.9490196108818054}